Variable1,Variable2,Variable 3,Variable 4,Variable 5,Variable 6,Variable 7,Variable 8,Variable 9,Variable 10
138.336,132.202,19401.3,318.102,253.612,345.539,-64.5,186.693,28.626,65.2
63.274,194.238,4392.1,387.211,471.63,496.374,84.4,187.036,160.596,11.6
183.652,186.068,34100.2,366.283,458.115,305.018,91.8,186.243,133.434,14.0
128.218,95.189,16630.2,215.555,210.537,335.477,-5.0,169.636,61.774,27.5
176.521,53.619,31266.9,315.474,90.504,493.961,-225.0,163.481,93.695,17.4
197.964,59.725,39309.2,438.463,472.537,107.76,34.1,120.188,164.339,7.3
40.677,20.984,1696.6,268.004,495.44,339.975,227.4,177.54,8.013,221.6
141.871,25.315,20178.0,74.646,326.988,86.032,252.3,159.334,17.887,89.1
52.057,68.951,2847.8,343.476,439.984,382.877,96.5,197.338,94.273,20.9
93.782,173.651,9142.4,358.847,411.805,352.945,53.0,162.907,132.282,12.3
132.217,125.084,17731.5,75.962,386.125,215.44,310.2,171.593,152.35,11.3
83.568,161.518,7306.6,182.23,66.115,250.874,-116.1,111.375,178.931,6.2
85.094,151.098,7543.2,359.628,464.69,309.738,105.1,120.465,136.801,8.8
194.657,147.376,38186.1,274.909,55.787,148.475,-219.1,135.82,99.793,13.6
123.451,59.147,15358.4,106.058,486.949,318.958,380.9,130.525,42.939,30.4
65.678,23.212,4360.0,50.027,182.797,223.884,132.8,177.067,185.983,9.5
89.111,192.61,8326.0,445.334,337.879,87.244,-107.5,117.514,126.744,9.3
101.179,120.043,10477.3,316.818,165.046,101.825,-151.8,126.103,17.433,72.3
21.405,143.405,745.0,375.033,382.43,175.085,7.4,120.85,129.937,9.3
49.238,52.944,2530.3,27.246,299.196,149.627,272.0,159.541,127.538,12.5
79.649,158.292,6660.5,92.491,453.808,486.297,361.3,153.884,112.066,13.7
17.967,153.446,629.7,134.868,123.287,308.706,-11.6,188.578,125.086,15.1
179.052,26.01,32111.6,67.443,298.78,427.818,231.3,146.474,148.616,9.9
127.365,137.838,16497.5,182.94,144.112,34.424,-38.8,147.889,62.139,23.8
112.951,27.68,12813.3,150.051,372.778,122.102,222.7,162.892,74.328,21.9
172.153,114.457,29865.6,196.673,139.789,176.585,-56.9,136.874,191.111,7.2
70.01,36.515,4974.4,312.736,314.99,388.596,2.3,152.111,6.71,226.7
145.153,193.695,21456.8,382.467,451.532,149.718,69.1,164.648,67.275,24.5
56.871,74.653,3383.6,193.978,97.811,145.585,-96.2,106.323,142.559,7.5
142.13,183.629,20568.2,452.069,190.645,320.224,-261.4,145.205,116.098,12.5
67.715,56.349,4698.0,320.413,354.506,202.023,34.1,112.473,99.82,11.3
181.334,169.332,33220.7,307.288,381.005,212.012,73.7,171.39,164.759,10.4
144.083,33.965,20827.8,407.013,341.27,201.748,-65.7,173.913,125.715,13.8
134.001,39.087,18034.4,379.233,418.015,452.637,38.8,104.144,167.542,6.2
42.752,26.266,1880.3,467.911,139.681,370.824,-328.2,192.608,96.278,20.0
48.776,101.11,2581.3,143.043,329.26,443.159,186.2,125.611,95.692,13.1
60.778,46.914,3787.8,462.909,256.063,461.808,-206.8,147.473,143.154,10.3
170.546,26.789,29139.5,388.35,458.308,210.725,70.0,163.637,88.733,18.4
15.762,195.148,638.7,488.865,153.606,397.864,-335.3,105.623,74.05,14.3
169.819,23.483,28885.5,455.451,235.635,121.062,-219.8,153.05,174.075,8.8
79.871,68.682,6516.7,159.376,149.109,175.953,-10.3,191.691,140.838,13.6
15.748,124.196,496.4,281.701,429.163,248.41,147.5,182.882,157.476,11.6
12.411,73.468,301.0,295.49,250.892,198.621,-44.6,111.169,160.721,6.9
197.056,39.911,38910.9,463.68,249.783,70.795,-213.9,141.92,177.289,8.0
43.002,60.822,1970.8,302.869,313.617,396.124,10.7,112.528,37.577,29.9
171.961,186.979,29944.5,282.589,427.126,412.432,144.5,105.632,30.786,34.3
136.529,46.507,18733.2,88.084,420.331,148.923,332.2,147.459,131.987,11.2
173.22,76.874,30158.9,471.491,493.331,140.568,21.8,198.36,118.408,16.8
189.836,118.739,36275.2,351.272,106.472,344.862,-244.8,145.541,185.125,7.9
96.434,67.665,9434.8,286.224,450.425,151.538,164.2,133.46,26.812,49.8
27.121,162.827,1061.2,56.548,80.502,59.819,24.0,125.522,149.645,8.4
193.142,84.398,37472.6,221.061,172.831,231.253,-48.2,123.53,148.021,8.3
11.19,102.108,329.4,103.801,383.729,370.432,279.9,163.91,174.933,9.4
86.777,64.277,7658.8,254.589,133.713,455.035,-120.9,198.965,98.226,20.3
35.305,99.504,1445.5,127.81,235.498,386.24,107.7,140.888,131.142,10.7
25.497,130.102,910.3,95.011,279.768,238.348,184.8,103.144,152.674,6.8
47.329,171.568,2583.2,125.128,93.112,484.173,-32.0,197.259,9.57,206.1
97.581,188.555,9899.2,343.928,242.455,410.884,-101.5,124.842,54.889,22.7
181.344,147.784,33181.2,437.524,255.392,180.588,-182.1,131.203,164.144,8.0
193.583,116.206,37706.8,67.193,389.449,301.537,322.3,127.451,130.278,9.8
77.281,58.953,6090.3,0.168,381.999,199.23,381.8,181.786,142.616,12.7
139.719,57.208,19635.8,474.298,346.671,463.755,-127.6,130.103,49.186,26.5
161.562,25.709,26153.7,88.626,251.423,151.418,162.8,168.754,42.888,39.3
118.956,147.539,14445.6,444.7,452.071,57.468,7.4,173.122,147.667,11.7
85.019,170.821,7569.9,41.827,285.419,93.294,243.6,179.435,140.027,12.8
71.314,28.185,5142.1,46.906,453.696,51.612,406.8,184.359,146.214,12.6
190.654,187.39,36723.7,11.908,305.559,288.372,293.7,193.447,45.719,42.3
128.603,43.761,16626.3,87.067,268.901,268.368,181.8,151.964,18.02,84.3
125.273,162.67,16018.7,171.742,364.762,397.526,193.0,104.643,130.916,8.0
180.628,105.946,32838.4,319.325,93.865,264.756,-225.5,189.741,95.025,20.0
17.081,45.109,382.0,391.55,321.765,381.595,-69.8,195.602,191.696,10.2
129.197,193.802,17079.5,485.564,290.392,478.168,-195.2,196.49,4.793,410.0
172.833,73.796,30018.8,331.581,155.487,404.108,-176.1,136.453,170.726,8.0
109.904,20.946,12120.8,443.874,96.322,409.583,-347.6,154.966,132.134,11.7
25.508,66.172,783.0,493.02,443.091,78.811,-49.9,113.106,121.482,9.3
183.877,147.544,34105.8,37.554,330.555,244.908,293.0,134.421,39.176,34.3
82.874,147.297,7162.7,305.648,341.729,315.907,36.1,123.937,12.256,101.1
36.101,167.333,1637.9,261.606,395.13,368.754,133.5,156.932,8.028,195.5
46.567,73.024,2314.5,483.44,267.348,393.929,-216.1,117.798,154.106,7.6
152.547,85.912,23442.4,467.929,297.11,201.216,-170.8,143.306,93.975,15.2
89.49,88.298,8185.1,134.982,67.286,31.294,-67.7,106.13,158.196,6.7
89.61,105.624,8241.2,107.816,80.177,316.617,-27.6,195.532,143.45,13.6
26.442,172.896,1045.0,13.25,192.369,320.706,179.1,111.337,87.393,12.7
83.325,40.393,7023.8,278.078,118.245,319.233,-159.8,139.603,67.477,20.7
104.552,165.114,11261.3,223.18,430.776,43.661,207.6,185.722,109.533,17.0
57.2,72.521,3416.9,313.652,140.902,152.88,-172.8,193.849,37.088,52.3
178.024,43.945,31780.4,423.956,220.014,434.14,-203.9,121.441,154.082,7.9
70.697,58.617,5115.3,238.162,201.595,280.752,-36.6,129.707,27.898,46.5
61.371,33.809,3834.0,7.852,460.174,105.355,452.3,100.378,136.197,7.4
101.961,33.75,10463.5,190.451,493.643,388.175,303.2,154.106,119.673,12.9
117.087,120.918,13951.2,265.436,283.204,82.712,17.8,167.087,158.548,10.5
184.896,42.393,34271.3,120.439,296.206,489.886,175.8,148.336,13.669,108.5
188.635,108.103,35799.4,477.11,241.87,452.701,-235.2,174.938,135.48,12.9
164.476,149.858,27352.1,55.475,116.49,395.013,61.0,121.495,126.828,9.6
59.668,99.885,3760.0,197.065,392.725,201.313,195.7,122.737,39.409,31.1
47.17,50.663,2326.3,451.598,89.767,106.007,-361.8,195.557,174.599,11.2
80.152,154.103,6732.5,16.925,131.143,307.245,114.2,106.608,82.999,12.8
124.016,24.401,15428.8,374.735,279.574,327.096,-95.2,171.654,115.458,14.9
188.506,140.007,35814.5,359.727,212.34,82.114,-147.4,147.743,71.537,20.7
125.158,90.945,15846.4,394.241,388.903,83.331,-5.3,113.021,191.067,5.9
158.586,176.158,25501.8,494.478,342.017,425.454,-152.5,143.542,107.753,13.3
41.89,130.715,2016.2,233.813,430.185,88.696,196.4,132.279,65.224,20.3
134.581,119.127,18350.3,426.554,341.048,422.614,-85.5,184.645,118.94,15.5
137.859,115.538,19236.2,425.125,166.465,248.331,-258.7,132.581,108.819,12.2
80.46,189.207,6852.2,102.78,301.899,292.07,199.1,153.521,94.628,16.2
75.95,107.55,5983.5,20.741,301.328,376.396,280.6,179.509,99.192,18.1
122.093,117.98,15142.7,416.852,412.052,250.779,-4.8,126.881,116.359,10.9
166.826,47.328,27925.6,474.383,417.66,445.401,-56.7,131.507,40.165,32.7
65.48,47.139,4381.9,76.793,469.107,344.324,392.3,190.284,18.551,102.6
146.818,28.734,21613.0,395.474,477.94,58.465,82.5,167.729,92.157,18.2
56.329,69.411,3311.8,370.104,307.016,373.856,-63.1,112.404,199.639,5.6
79.922,140.929,6669.4,146.094,400.202,214.843,254.1,175.965,163.04,10.8
128.899,193.109,17001.2,336.418,321.192,316.793,-15.2,125.218,13.753,91.0
172.672,57.186,29930.0,485.57,313.928,331.166,-171.6,172.405,129.65,13.3
71.915,172.274,5516.3,422.641,485.486,217.109,62.8,128.788,112.978,11.4
95.93,150.695,9504.0,124.429,240.404,132.325,116.0,170.208,116.559,14.6
29.913,196.752,1288.3,471.772,471.966,439.051,0.2,198.895,166.292,12.0
68.514,143.298,4980.8,83.216,460.34,137.237,377.1,116.273,107.24,10.8
163.475,100.829,26925.7,171.347,238.023,70.72,66.7,188.9,51.884,36.4
104.658,137.57,11228.4,370.611,457.856,159.757,87.2,176.68,83.39,21.2
148.798,159.387,22459.6,420.821,490.71,441.919,69.9,158.721,117.444,13.5
152.212,24.92,23218.3,78.654,361.897,209.494,283.2,182.602,182.02,10.0
12.985,166.772,502.2,392.426,478.544,367.457,86.1,102.496,83.1,12.3
128.292,185.218,16829.3,368.54,425.819,285.528,57.3,178.691,163.636,10.9
192.459,131.445,37303.4,464.842,409.662,420.439,-55.2,127.707,178.065,7.2
22.51,117.648,742.0,114.592,348.691,105.279,234.1,120.033,134.409,8.9
132.551,199.345,17968.5,267.965,441.221,62.215,173.3,199.676,137.33,14.5
107.778,175.232,11966.6,64.801,360.481,39.207,295.7,149.04,2.473,602.7
99.373,110.891,10096.8,32.031,174.614,499.831,142.6,194.805,145.517,13.4
13.172,109.528,392.6,488.405,202.648,351.196,-285.8,147.658,72.479,20.4
139.072,119.303,19579.6,237.146,162.179,214.849,-75.0,107.209,106.746,10.0
127.925,128.449,16621.7,276.881,389.955,310.168,113.1,179.715,2.798,642.3
169.592,84.023,28929.5,173.785,349.588,377.385,175.8,199.394,194.018,10.3
139.342,60.174,19536.5,280.897,422.255,317.506,141.4,104.976,105.287,10.0
194.009,87.358,37814.2,19.294,374.795,144.247,355.5,198.987,166.369,12.0
179.265,105.549,32347.0,5.206,422.43,334.841,417.2,105.56,128.135,8.2
65.372,184.969,4643.4,159.374,288.073,463.744,128.7,153.298,194.698,7.9
83.629,72.688,7139.2,49.372,299.277,135.968,249.9,109.476,121.246,9.0
63.487,89.654,4209.9,55.708,121.707,112.801,66.0,135.788,162.303,8.4
140.28,44.675,19767.8,364.784,207.523,224.451,-157.3,125.365,22.317,56.2
35.189,91.376,1421.0,123.487,414.351,331.164,290.9,161.368,176.413,9.1
67.87,143.998,4894.3,75.589,356.141,337.384,280.6,105.046,18.68,56.2
45.055,139.843,2309.6,201.163,151.699,65.993,-49.5,164.821,9.886,166.7
55.178,47.815,3140.2,114.053,392.241,396.047,278.2,125.213,25.742,48.6
155.014,67.973,24165.3,354.74,78.508,451.915,-276.2,110.641,190.963,5.8
146.935,107.976,21805.8,442.443,377.63,496.659,-64.8,115.618,66.106,17.5
55.184,132.272,3309.8,368.457,319.191,138.068,-49.3,185.392,177.236,10.5
98.301,182.215,10027.5,492.227,97.757,204.498,-394.5,167.656,137.693,12.2
103.114,52.981,10738.5,396.203,153.626,337.888,-242.6,163.253,118.981,13.7
80.896,96.613,6737.4,85.595,328.882,272.429,243.3,116.206,186.755,6.2
21.849,185.298,848.0,387.608,260.144,104.994,-127.5,157.273,130.833,12.0
192.768,129.095,37417.7,379.707,494.634,454.977,114.9,199.936,83.84,23.8
45.814,122.529,2344.0,162.825,360.746,216.287,197.9,171.798,168.731,10.2
156.806,91.69,24771.5,205.489,371.103,196.377,165.6,114.202,83.905,13.6
141.04,169.042,20230.4,52.319,328.714,453.128,276.4,127.191,151.928,8.4
51.185,79.732,2779.4,435.512,330.473,412.825,-105.0,101.213,6.23,162.5
38.757,167.729,1837.6,191.236,285.342,187.884,94.1,101.129,47.884,21.1
66.29,46.465,4487.3,460.106,236.012,444.441,-224.1,168.417,104.217,16.2
199.149,169.992,40000.3,102.252,59.663,68.999,-42.6,159.728,146.328,10.9
25.787,127.487,919.9,53.609,439.65,30.05,386.0,115.027,21.849,52.6
171.365,52.34,29470.6,191.279,337.601,31.82,146.3,126.607,41.55,30.5
119.164,78.248,14356.6,486.701,239.929,127.63,-246.8,102.984,29.932,34.4
147.482,65.067,21881.1,396.087,464.712,57.048,68.6,159.534,79.507,20.1
118.117,120.038,14191.7,342.387,120.983,164.616,-221.4,168.531,65.628,25.7
175.619,166.649,31175.3,392.78,107.575,203.851,-285.2,117.427,153.908,7.6
172.266,141.239,29958.1,254.621,55.533,136.952,-199.1,176.172,58.919,29.9
103.554,38.18,10799.8,448.054,94.515,322.985,-353.5,195.359,165.092,11.8
42.225,184.298,2151.5,230.358,370.946,315.294,140.6,196.877,100.919,19.5
177.216,102.391,31610.3,298.791,334.988,38.552,36.2,140.352,111.078,12.6
160.637,131.101,26066.4,32.897,60.692,472.919,27.8,136.108,25.035,54.4
33.605,59.112,1247.5,50.456,305.19,104.368,254.7,101.729,99.538,10.2
146.328,152.957,21717.8,184.931,378.514,361.279,193.6,118.425,58.873,20.1
114.369,151.632,13383.5,212.952,242.396,225.228,29.4,110.122,41.925,26.3
81.952,183.627,7083.4,31.724,103.748,94.903,72.0,189.047,41.144,45.9
123.934,101.974,15563.6,306.856,94.653,421.836,-212.2,105.351,22.031,47.8
41.427,139.144,1994.5,273.105,495.893,297.003,222.8,173.676,110.695,15.7
138.912,49.539,19395.6,333.259,258.589,169.155,-74.7,159.343,153.83,10.4
141.579,146.329,20337.3,239.838,61.069,333.994,-178.8,171.013,144.847,11.8
178.123,154.479,32036.8,478.453,63.226,317.597,-415.2,184.536,128.036,14.4
100.432,175.642,10437.9,179.294,293.994,202.915,114.7,135.534,22.631,59.9
43.176,24.147,1912.5,415.72,441.48,373.275,25.8,141.232,177.21,8.0
166.712,54.586,27902.1,282.08,327.639,418.967,45.6,196.415,164.037,12.0
149.487,97.524,22541.4,186.867,225.051,314.965,38.2,108.515,18.603,58.3
17.697,76.634,466.5,310.194,479.662,305.335,169.5,128.057,27.227,47.0
36.09,171.305,1645.1,349.031,94.583,355.886,-254.4,190.256,21.79,87.3
198.25,113.864,39530.8,488.863,112.15,108.791,-376.7,137.137,13.222,103.7
155.758,177.738,24616.0,466.272,394.818,326.389,-71.5,131.497,79.112,16.6
49.658,106.278,2678.5,203.551,393.57,204.668,190.0,133.886,11.863,112.9
39.066,67.5,1661.2,279.848,130.013,215.384,-149.8,116.174,78.666,14.8
107.03,90.594,11636.6,196.005,310.298,335.108,114.3,171.189,114.069,15.0
110.513,151.349,12515.8,316.128,127.533,240.854,-188.6,138.269,31.545,43.8
83.967,71.72,7193.9,437.212,119.816,193.083,-317.4,186.549,118.381,15.8
21.248,108.622,668.7,45.805,449.426,401.548,403.6,173.914,58.757,29.6
19.13,60.158,486.3,273.719,274.582,423.254,0.9,177.316,91.628,19.4
87.62,79.291,7835.8,41.49,153.234,97.039,111.7,146.868,177.488,8.3
128.435,156.846,16809.2,394.889,472.113,219.792,77.2,181.813,126.611,14.4
197.825,128.295,39391.3,431.984,261.027,456.582,-171.0,156.269,178.144,8.8
53.415,54.945,2963.1,22.997,494.266,442.244,471.3,181.032,87.547,20.7
34.96,182.755,1587.7,77.932,274.12,450.773,196.2,180.196,75.422,23.9
93.918,129.18,9079.0,41.615,288.147,215.514,246.5,108.77,62.891,17.3
22.793,82.56,684.6,374.369,469.612,165.211,95.2,141.109,91.828,15.4
72.614,184.744,5642.3,233.938,202.595,83.097,-31.3,167.835,142.473,11.8
36.611,49.083,1438.5,75.957,189.127,178.683,113.2,194.999,67.705,28.8
66.037,33.753,4428.4,270.504,169.873,273.698,-100.6,118.02,131.429,9.0
187.736,180.962,35606.7,146.218,262.923,401.635,116.7,191.203,9.306,205.5
101.991,127.192,10656.5,191.75,99.867,305.238,-91.9,181.191,126.749,14.3
72.305,65.042,5358.1,249.393,265.106,474.781,15.7,158.635,87.88,18.1
177.409,182.223,31838.4,75.423,246.713,111.15,171.3,120.018,25.507,47.1
142.185,41.563,20299.7,161.495,160.597,316.431,-0.9,122.423,26.203,46.7
160.35,171.018,26054.2,285.48,288.328,315.764,2.8,114.191,182.84,6.2
28.351,151.793,1107.4,148.209,372.258,440.26,224.0,188.848,176.115,10.7
126.734,138.505,16338.5,472.301,289.282,203.137,-183.0,167.492,65.254,25.7
182.747,33.086,33462.6,464.014,402.168,108.652,-61.8,134.58,90.496,14.9
11.534,155.839,444.7,443.295,153.22,201.706,-290.1,170.72,107.876,15.8
17.736,115.408,545.4,5.302,390.513,308.901,385.2,189.133,156.521,12.1
84.479,20.433,7177.6,336.056,248.199,387.182,-87.9,196.806,12.666,155.4
35.107,65.93,1364.4,21.18,192.06,39.355,170.9,147.976,5.52,268.1
13.228,70.289,315.6,437.556,106.06,314.927,-331.5,194.841,146.148,13.3
164.195,41.028,27042.1,243.142,428.599,324.972,185.5,186.926,186.162,10.0
113.023,75.006,12924.2,66.441,149.759,48.879,83.3,192.031,37.119,51.7
108.498,123.316,12018.4,471.656,55.758,221.086,-415.9,134.681,153.452,8.8
82.157,42.818,6835.4,149.76,162.194,448.316,12.4,141.871,59.802,23.7
96.361,117.362,9520.2,31.308,84.965,297.043,53.7,199.906,98.37,20.3
31.051,74.696,1113.6,321.984,296.599,318.68,-25.4,198.745,57.163,34.8
63.064,199.848,4376.8,426.359,254.016,62.833,-172.3,170.361,166.593,10.2
165.473,175.405,27732.1,288.274,104.94,152.473,-183.3,135.697,103.075,13.2
156.514,59.119,24614.9,354.81,69.99,128.273,-284.8,182.497,80.15,22.8
67.683,132.518,4846.0,482.434,161.728,429.737,-320.7,128.384,189.212,6.8
101.947,48.275,10489.7,12.804,70.39,306.128,57.6,120.599,46.961,25.7
183.881,20.84,33853.9,433.793,114.848,336.673,-318.9,112.876,171.197,6.6
37.186,118.207,1619.2,347.14,138.465,144.963,-208.7,119.835,7.319,163.7
142.722,68.704,20507.0,274.825,121.151,437.591,-153.7,117.876,143.625,8.2
49.983,189.742,2877.8,293.673,219.408,36.965,-74.3,153.023,104.22,14.7
194.905,63.587,38115.1,155.042,439.626,219.176,284.6,162.332,156.39,10.4
157.076,183.063,25039.0,94.243,110.502,298.043,16.3,115.122,162.018,7.1
127.91,198.714,16758.4,465.241,355.687,42.374,-109.6,126.44,54.053,23.4
118.569,75.265,14209.1,9.12,105.368,164.676,96.2,181.377,48.075,37.7
61.04,176.272,4078.4,495.277,393.141,101.784,-102.1,122.18,130.722,9.3
28.602,178.455,1175.0,491.518,255.613,52.428,-235.9,165.931,3.628,457.4
165.698,138.348,27732.5,485.377,413.968,482.579,-71.4,140.323,130.297,10.8
119.637,119.071,14551.2,283.395,304.077,437.555,20.7,133.132,37.185,35.8
142.523,142.26,20597.3,359.316,263.358,221.962,-96.0,193.269,196.338,9.8
135.27,149.429,18596.8,118.464,306.821,218.47,188.4,145.964,33.191,44.0
137.145,180.398,19169.5,436.847,274.814,388.325,-162.0,198.847,135.039,14.7
177.854,165.934,31963.9,189.79,362.003,311.468,172.2,154.376,42.723,36.1
29.146,164.331,1178.2,117.776,264.547,142.037,146.8,103.771,153.399,6.8
133.752,179.776,18249.1,11.829,232.68,275.635,220.9,178.498,57.81,30.9
189.224,166.981,36139.7,476.488,157.968,286.821,-318.5,123.301,113.018,10.9
58.991,99.607,3679.2,212.677,478.652,415.032,266.0,111.242,172.493,6.4
82.448,44.149,6886.0,374.304,163.694,253.921,-210.6,125.413,132.225,9.5
137.896,36.529,19088.4,225.247,345.657,200.218,120.4,149.39,43.546,34.3
161.518,76.175,26240.4,133.855,76.779,425.662,-57.1,155.549,98.439,15.8
84.36,45.765,7208.1,419.02,176.739,268.169,-242.3,158.463,175.681,9.0
70.954,32.302,5099.1,49.401,113.818,203.731,64.4,163.935,50.88,32.2
118.135,57.054,14070.0,25.787,328.232,98.834,302.4,154.276,187.958,8.2
26.529,21.046,745.9,444.741,119.943,408.223,-324.8,117.512,38.854,30.2
36.598,50.319,1440.1,410.437,315.29,42.301,-95.1,144.15,79.374,18.2
183.346,96.887,33809.5,5.396,335.752,103.989,330.4,177.948,106.112,16.8
90.643,189.173,8594.5,272.621,264.6,115.462,-8.0,161.179,104.676,15.4
86.295,106.181,7659.2,251.337,329.163,389.969,77.8,199.65,177.903,11.2
68.742,198.04,5121.5,493.332,199.66,393.42,-293.7,182.888,61.431,29.8
73.575,53.196,5519.7,116.163,118.618,490.256,2.5,152.95,20.069,76.2
124.038,121.548,15628.5,297.382,418.947,299.297,121.6,127.741,9.302,137.3
100.353,174.376,10419.5,96.042,269.109,185.65,173.1,136.646,53.339,25.6
49.178,64.007,2546.5,142.43,473.007,285.579,330.6,111.7,72.325,15.4
51.185,115.951,2851.8,390.872,361.164,293.161,-29.7,111.196,127.582,8.7
91.946,139.897,8733.9,386.268,54.443,241.769,-331.8,163.524,29.146,56.1
61.136,37.2,3812.0,165.629,88.517,359.917,-77.1,133.601,81.016,16.5
159.161,43.31,25418.8,317.458,131.059,435.186,-186.4,143.195,125.045,11.5
112.717,39.18,12783.5,135.266,311.328,448.692,176.1,163.903,62.997,26.0
140.01,21.521,19645.8,124.921,462.818,149.077,337.9,161.608,128.719,12.6
110.079,68.819,12255.0,344.93,91.286,265.695,-253.6,118.232,140.626,8.4
99.892,38.199,10054.8,215.506,187.281,316.216,-28.2,155.828,98.034,15.9
98.039,139.36,9890.4,365.781,275.98,134.594,-89.8,154.423,186.028,8.3
39.167,103.383,1740.8,65.454,359.42,213.589,294.0,138.406,59.186,23.4
35.237,182.949,1607.5,266.224,388.07,129.229,121.8,161.387,54.797,29.5
40.462,33.448,1704.1,383.62,378.926,341.448,-4.7,110.037,143.978,7.6
60.668,113.451,3907.5,215.945,134.32,416.31,-81.6,122.926,139.416,8.8
122.143,137.775,15194.5,374.923,166.006,149.145,-208.9,188.316,93.58,20.1
40.945,87.27,1851.0,313.537,188.196,198.078,-125.3,111.012,91.749,12.1
76.865,159.44,6227.1,109.912,455.731,196.218,345.8,136.532,134.464,10.2
92.879,165.947,8958.4,145.516,396.317,278.526,250.8,184.951,114.053,16.2
143.437,134.513,20843.2,18.27,394.903,389.264,376.6,174.046,43.664,39.9
196.325,159.579,38862.7,457.566,418.33,248.268,-39.2,113.865,53.23,21.4
69.253,136.468,5068.9,337.556,290.774,486.026,-46.8,159.142,121.417,13.1
138.765,147.005,19549.7,428.602,378.751,298.113,-49.9,161.188,52.646,30.6
43.27,57.431,1987.2,435.48,426.666,48.812,-8.8,100.003,123.68,8.1
144.927,90.728,21185.3,378.873,486.413,55.685,107.5,123.493,95.346,13.0
162.119,31.72,26346.0,389.352,276.084,225.072,-113.3,153.548,195.159,7.9
39.483,158.098,1875.1,40.482,390.18,135.735,349.7,187.28,125.7,14.9
118.229,183.159,14344.4,342.74,348.03,351.599,5.3,185.664,171.012,10.9
110.607,89.592,12413.1,364.363,277.728,203.612,-86.6,107.704,13.093,82.3
197.242,56.859,39018.1,326.983,241.17,375.569,-85.8,169.614,152.035,11.2
198.936,177.047,39929.6,91.01,307.485,55.873,216.5,119.229,95.836,12.4
14.531,142.834,496.8,253.977,344.335,79.507,90.4,120.104,196.645,6.1
197.19,155.391,39194.7,215.89,152.053,448.613,-63.8,195.96,16.029,122.3
150.106,182.914,22897.6,258.544,222.818,303.322,-35.7,121.058,181.363,6.7
16.89,96.534,478.3,376.687,324.173,236.33,-52.5,156.41,195.638,8.0
93.171,114.48,8909.8,319.776,276.734,408.981,-43.0,105.675,152.703,6.9
35.29,114.945,1475.3,200.091,229.201,317.55,29.1,107.89,138.507,7.8
88.249,146.122,8080.1,348.803,58.006,116.276,-290.8,163.18,156.837,10.4
67.64,49.507,4674.2,5.321,174.783,140.043,169.5,192.417,50.251,38.3
150.811,37.932,22819.8,230.592,186.209,70.711,-44.4,131.203,187.753,7.0
61.108,124.799,3983.8,363.357,433.874,153.75,70.5,113.582,93.72,12.1
176.581,88.203,31357.3,111.224,493.905,171.231,382.7,144.335,3.072,469.8
58.637,142.181,3722.7,96.394,358.784,157.559,262.4,114.017,67.595,16.9
195.169,77.849,38246.6,477.59,420.9,486.719,-56.7,110.76,170.437,6.5
186.943,21.719,34991.1,369.516,229.161,123.454,-140.4,185.414,134.334,13.8
159.711,190.746,25889.1,472.321,244.617,95.879,-227.7,174.524,82.756,21.1
148.083,195.758,22320.1,304.366,160.72,314.354,-143.6,123.323,160.797,7.7
174.887,153.366,30892.2,130.408,115.753,205.669,-14.7,155.872,83.905,18.6
121.206,48.751,14788.4,217.997,444.207,173.982,226.2,168.507,69.078,24.4
159.185,80.244,25500.4,396.582,240.717,158.28,-155.9,119.935,93.84,12.8
176.873,176.08,31636.2,162.045,99.594,230.545,-62.5,170.57,151.503,11.3
134.117,195.324,18378.0,433.557,379.544,43.748,-54.0,185.829,158.061,11.8
147.117,37.898,21719.2,100.682,243.371,38.175,142.7,149.336,107.073,13.9
100.065,131.337,10275.7,32.529,437.867,464.653,405.3,198.906,194.624,10.2
79.444,156.491,6624.3,104.65,129.293,240.032,24.6,154.02,149.72,10.3
181.698,148.027,33310.2,120.483,243.194,132.609,122.7,139.934,173.01,8.1
46.459,151.125,2460.7,454.218,422.578,318.646,-31.6,142.798,155.493,9.2
85.317,167.437,7613.9,28.967,230.373,485.938,201.4,129.866,104.387,12.4
32.915,169.727,1422.9,264.661,484.648,30.078,220.0,198.253,144.686,13.7
65.125,166.798,4574.9,400.93,317.726,328.179,-83.2,175.549,105.331,16.7
141.701,198.639,20476.5,50.523,232.485,410.37,182.0,193.352,150.524,12.8
195.037,126.364,38292.2,326.556,385.033,105.252,58.5,158.549,42.407,37.4
182.348,134.238,33519.3,72.637,115.758,362.116,43.1,167.811,101.241,16.6
11.321,113.76,355.7,382.947,478.464,234.261,95.5,111.48,63.278,17.6
167.941,74.995,28354.2,48.791,98.007,477.343,49.2,174.894,62.363,28.0
12.254,49.485,249.1,266.421,285.688,88.682,19.3,169.099,4.424,382.2
113.859,166.778,13297.4,341.948,386.917,221.312,45.0,128.663,158.536,8.1
199.481,88.991,39970.7,171.557,226.416,408.341,54.9,148.517,56.545,26.3
85.057,124.894,7484.5,55.8,462.723,488.853,406.9,191.199,55.786,34.3
37.806,44.716,1518.7,275.912,219.071,122.709,-56.8,133.564,155.516,8.6
141.138,65.255,20050.4,424.655,360.056,287.468,-64.6,131.539,88.961,14.8
115.48,67.043,13469.7,452.215,271.293,397.61,-180.9,137.411,64.304,21.4
13.87,110.093,412.6,109.501,359.15,452.496,249.6,161.628,167.29,9.7
151.894,126.478,23324.7,316.989,410.998,155.46,94.0,115.362,160.08,7.2
28.678,32.772,888.0,368.671,54.954,309.106,-313.7,128.714,118.978,10.8
159.828,102.512,25750.0,54.056,331.287,188.734,277.2,120.189,19.575,61.4
30.366,39.193,1000.5,450.464,299.723,275.325,-150.7,161.199,148.803,10.8
149.343,53.073,22409.5,200.057,473.025,383.309,273.0,149.761,137.368,10.9
80.607,176.323,6850.1,90.408,411.052,354.55,320.6,124.267,116.724,10.6
104.918,143.125,11294.0,131.845,480.9,334.432,349.1,183.426,173.334,10.6
71.759,92.632,5334.6,6.075,427.659,459.286,421.6,184.854,25.127,73.6
131.587,111.028,17537.2,355.31,286.739,185.401,-68.6,156.513,135.529,11.5
197.544,153.884,39331.4,339.671,293.077,291.763,-46.6,115.581,199.851,5.8
190.785,189.067,36777.1,443.474,206.358,349.073,-237.1,137.057,190.666,7.2
127.991,163.971,16709.6,467.157,130.871,283.421,-336.3,130.318,9.872,132.0
72.162,177.048,5561.5,34.549,364.666,324.72,330.1,111.145,143.003,7.8
85.737,130.567,7612.0,246.807,164.768,414.52,-82.0,153.063,56.166,27.3
107.234,144.646,11788.4,383.514,350.101,231.655,-33.4,108.193,145.018,7.5
189.561,82.349,36098.1,33.738,167.292,81.788,133.6,106.686,57.385,18.6
183.961,45.051,33931.8,362.733,377.099,488.602,14.4,106.856,68.212,15.7
97.019,138.142,9689.0,300.926,73.608,143.936,-227.3,172.934,104.607,16.5
34.924,77.438,1374.6,223.495,347.453,59.486,124.0,197.412,114.447,17.2
46.084,126.767,2377.3,124.566,147.032,387.454,22.5,197.625,112.268,17.6
61.294,111.971,3980.9,325.07,366.422,110.413,41.4,156.055,6.129,254.6
141.505,99.946,20223.6,43.573,109.892,68.291,66.3,158.997,93.866,16.9
94.089,172.287,9197.3,83.139,129.966,287.922,46.8,176.621,24.08,73.3
105.673,183.607,11534.0,325.361,378.346,84.618,53.0,106.31,156.118,6.8
146.716,193.341,21912.3,162.4,107.573,450.416,-54.8,159.989,139.797,11.4
178.068,65.274,31838.8,31.081,474.486,255.503,443.4,161.704,13.46,120.1
86.499,92.781,7667.6,222.232,321.88,116.732,99.6,139.196,177.016,7.9
37.911,49.268,1535.8,135.159,173.231,56.217,38.1,176.945,167.196,10.6
183.563,45.454,33786.3,410.514,171.182,378.2,-239.3,145.483,11.077,131.3
110.407,58.069,12305.8,103.423,478.338,435.94,374.9,184.767,180.627,10.2
186.338,40.424,34802.7,469.69,283.257,212.92,-186.4,181.681,113.985,15.9
120.891,132.605,14879.8,354.908,205.838,172.241,-149.1,126.3,133.207,9.5
164.114,60.641,27054.7,50.265,243.179,70.423,192.9,163.973,67.244,24.4
74.344,176.469,5880.0,384.048,427.949,367.441,43.9,184.027,12.496,147.3
144.164,199.509,21182.3,435.359,125.134,220.246,-310.2,174.484,47.702,36.6
149.243,38.126,22349.7,37.822,173.287,311.208,135.5,176.318,173.741,10.1
162.568,57.232,26542.8,69.21,161.389,220.316,92.2,192.988,195.04,9.9
114.693,76.453,13307.4,297.08,382.909,259.14,85.8,128.109,196.529,6.5
160.326,27.827,25760.1,254.036,189.274,338.834,-64.8,139.281,14.24,97.8
94.342,95.382,9091.2,131.03,382.955,346.878,251.9,174.866,73.394,23.8
106.919,150.114,11731.9,194.487,56.379,297.055,-138.1,105.199,114.012,9.2
162.327,192.379,26734.8,325.865,294.9,306.115,-31.0,197.805,41.391,47.8
139.27,174.306,19744.7,440.075,239.888,95.931,-200.2,112.899,141.639,8.0
90.925,145.91,8559.2,269.398,107.71,99.581,-161.7,118.224,46.586,25.4
40.988,136.626,1953.3,252.058,472.584,262.893,220.5,168.412,45.482,37.0
82.265,67.125,6901.8,165.188,184.779,395.374,19.6,146.51,16.733,87.6
42.449,93.683,1989.3,478.221,425.159,169.222,-53.1,166.731,140.903,11.8
39.633,114.152,1799.1,48.657,362.852,247.247,314.2,177.724,36.859,48.2
148.791,41.401,22221.6,250.566,54.701,424.015,-195.9,133.09,59.676,22.3
10.75,152.83,421.2,278.604,387.77,295.224,109.2,172.178,129.072,13.3
124.136,138.119,15686.0,80.47,136.082,43.551,55.6,163.047,40.561,40.2
56.761,66.845,3355.5,354.483,149.99,51.86,-204.5,182.208,163.057,11.2
68.142,178.177,4999.7,320.925,190.322,449.775,-130.6,140.897,97.635,14.4
33.717,97.869,1332.6,332.482,71.488,60.33,-261.0,154.699,147.633,10.5
165.104,172.146,27603.6,338.56,211.865,120.799,-126.7,161.284,28.937,55.7
79.424,176.072,6660.3,194.367,147.647,113.875,-46.7,140.566,174.46,8.1
180.726,34.947,32731.8,238.048,67.329,320.076,-170.7,104.006,198.208,5.2
34.992,189.673,1603.8,378.356,428.816,202.703,50.5,157.776,79.393,19.9
178.123,62.14,31852.1,225.3,217.808,154.894,-7.5,117.296,38.775,30.3
60.651,71.963,3822.5,405.874,83.294,467.568,-322.6,190.744,92.476,20.6
169.788,48.588,28925.1,330.689,336.855,89.996,6.2,194.501,90.484,21.5
137.289,154.79,19157.8,419.867,323.412,210.514,-96.5,130.81,87.678,14.9
105.079,164.294,11370.2,2.343,351.911,62.957,349.6,184.409,126.386,14.6
37.204,61.198,1506.5,7.37,360.38,391.016,353.0,168.187,31.235,53.8
199.426,103.784,39978.3,73.364,142.327,138.624,69.0,183.093,94.593,19.4
75.362,174.319,6028.1,442.827,76.522,409.185,-366.3,116.183,147.233,7.9
114.372,98.231,13277.4,403.744,422.932,273.511,19.2,133.95,164.935,8.1
150.919,128.332,23033.2,493.337,337.297,466.547,-156.0,133.191,44.291,30.1
58.804,175.324,3808.6,326.927,159.053,267.657,-167.9,185.357,193.178,9.6
144.85,55.289,21092.1,40.042,447.449,337.976,407.4,191.898,19.235,99.8
125.446,91.686,15920.1,98.749,439.537,269.898,340.8,163.959,140.232,11.7
112.366,127.259,12880.6,258.266,141.762,64.795,-116.5,106.957,52.544,20.4
37.996,58.063,1559.8,390.495,452.226,145.894,61.7,119.351,161.214,7.4
57.988,137.559,3637.7,245.694,168.345,54.809,-77.3,131.672,53.356,24.7
169.427,194.585,29094.7,224.461,401.154,115.323,176.7,198.037,67.112,29.5
84.067,165.247,7397.8,417.036,143.368,271.941,-273.7,146.866,109.229,13.4
38.819,27.529,1562.0,194.557,423.575,297.065,229.0,195.002,64.678,30.1
24.522,55.395,712.1,387.394,468.085,261.656,80.7,144.138,101.32,14.2
102.25,124.964,10705.0,392.411,94.688,415.823,-297.7,110.968,75.74,14.7
96.118,152.156,9543.0,328.943,188.908,207.536,-140.0,181.394,125.112,14.5
134.103,99.345,18182.3,488.247,441.595,432.882,-46.7,197.135,145.331,13.6
68.937,161.149,5074.6,374.212,198.785,469.939,-175.4,110.876,62.965,17.6
158.933,62.804,25385.3,376.949,267.257,30.57,-109.7,155.126,9.587,161.8
78.935,124.323,6479.4,342.158,309.556,322.193,-32.6,141.643,195.089,7.3
101.38,110.673,10499.3,386.893,254.715,207.715,-132.2,119.05,54.887,21.7
178.461,181.788,32211.9,478.394,296.421,152.673,-182.0,191.14,127.046,15.0
19.876,120.99,637.0,368.897,130.116,226.24,-238.8,132.243,156.361,8.5
24.932,114.109,849.8,218.26,317.99,380.331,99.7,187.954,102.682,18.3
98.304,145.644,9955.0,118.458,199.394,50.682,80.9,186.83,178.453,10.5
17.349,147.065,595.1,192.259,408.086,340.967,215.8,149.782,194.453,7.7
62.827,61.178,4069.6,337.055,310.631,472.388,-26.4,198.545,189.27,10.5
117.262,125.246,14000.9,46.627,491.21,64.567,444.6,128.257,28.071,45.7
181.474,56.551,33045.9,491.386,408.563,393.468,-82.8,117.42,181.596,6.5
22.118,24.55,538.3,244.925,294.757,259.654,49.8,196.246,122.824,16.0
175.446,183.544,31148.4,265.157,145.334,138.879,-119.8,152.945,58.08,26.3
121.902,47.139,14954.4,140.732,409.753,233.338,269.0,107.687,10.169,105.9
185.865,106.364,34758.5,369.83,162.204,222.885,-207.6,106.354,71.491,14.9
27.63,37.053,837.5,149.868,191.322,37.642,41.5,174.562,62.061,28.1
22.459,41.319,587.0,164.865,449.426,138.555,284.6,159.277,93.231,17.1
185.565,54.6,34543.6,105.432,224.11,243.607,118.7,191.238,162.464,11.8
38.166,79.285,1615.2,326.883,337.395,495.262,10.5,147.151,3.142,468.3
196.975,145.415,39090.0,187.485,129.893,269.429,-57.6,161.903,4.545,356.2
33.46,119.761,1359.1,238.382,176.817,255.39,-61.6,185.773,21.23,87.5
120.353,21.182,14527.2,144.141,437.56,491.725,293.4,170.599,90.792,18.8
39.131,68.91,1669.1,343.307,208.878,306.605,-134.4,141.188,62.074,22.7
70.219,93.233,5117.2,451.376,214.141,113.743,-237.2,101.215,173.165,5.8
155.289,54.811,24224.3,203.545,136.81,459.144,-66.7,154.839,89.698,17.3
170.123,148.058,29238.0,37.282,191.42,469.456,154.1,190.975,107.887,17.7
181.411,47.999,33005.9,117.671,67.95,436.408,-49.7,199.246,116.496,17.1
189.131,35.691,35841.9,396.254,225.348,279.285,-170.9,193.473,79.733,24.3
112.573,165.449,13003.6,438.799,428.828,383.462,-10.0,166.271,52.409,31.7
172.087,94.266,29802.5,426.546,370.966,478.757,-55.6,188.03,107.487,17.5
121.324,120.544,14960.6,173.972,229.542,52.532,55.6,181.461,73.086,24.8
43.72,36.013,1983.5,460.188,117.282,499.102,-342.9,196.446,10.634,184.7
15.478,90.773,421.1,28.95,77.61,53.4,48.7,141.664,161.673,8.8
47.45,62.022,2375.5,443.156,213.542,324.709,-229.6,110.432,172.854,6.4
97.871,102.24,9783.2,14.586,100.217,173.434,85.6,136.629,199.712,6.8
91.392,158.301,8669.1,259.534,97.264,246.909,-162.3,105.418,199.536,5.3
53.085,63.615,2945.2,124.075,217.632,139.546,93.6,130.823,21.277,61.5
162.95,94.234,26741.2,242.415,248.594,422.688,6.2,155.21,169.52,9.2
172.602,73.109,29937.7,56.995,248.526,269.039,191.5,128.809,129.723,9.9
131.041,108.409,17388.6,183.792,379.261,474.98,195.5,111.4,54.913,20.3
44.052,161.851,2264.3,216.025,473.736,123.158,257.7,148.184,139.015,10.7
126.042,161.566,16209.7,156.765,327.762,131.66,171.0,198.711,168.381,11.8
197.754,100.958,39308.6,389.353,207.492,264.084,-181.9,112.501,130.613,8.6
125.546,121.91,16005.6,317.103,259.068,401.268,-58.0,171.54,193.6,8.9
23.824,84.148,735.9,394.195,173.329,76.232,-220.9,143.207,59.192,24.2
130.402,68.536,17141.8,7.719,170.896,303.148,163.2,152.361,29.128,52.3
100.525,151.966,10409.2,137.684,171.027,380.546,33.3,101.367,99.698,10.2
10.908,131.799,382.6,50.55,347.429,462.633,296.9,102.5,196.221,5.2
45.044,62.796,2154.6,430.319,123.719,207.018,-306.6,162.739,70.248,23.2
32.313,58.204,1160.5,327.26,345.887,332.273,18.6,176.471,105.21,16.8
144.529,86.274,21061.2,361.999,452.344,404.744,90.3,156.136,41.579,37.6
191.77,97.968,36971.7,330.619,451.904,201.13,121.3,141.755,56.904,24.9
96.902,134.443,9658.9,264.024,233.018,358.17,-31.0,152.018,34.044,44.7
143.317,28.712,20597.2,311.363,297.535,370.018,-13.8,150.458,143.806,10.5
140.98,112.714,20100.8,448.984,206.099,462.684,-242.9,184.256,111.422,16.5
111.539,87.21,12615.4,233.523,497.097,45.469,263.6,113.813,134.083,8.5
117.631,199.802,14236.7,491.54,200.965,201.147,-290.6,167.584,80.653,20.8
22.095,68.279,624.7,95.141,450.6,459.049,355.5,120.083,74.18,16.2
157.839,137.066,25187.3,479.801,182.424,353.699,-297.4,177.688,128.017,13.9
19.14,47.292,460.9,445.764,135.203,333.022,-310.6,165.899,43.529,38.1
189.06,170.337,36084.4,277.845,311.918,327.072,34.1,131.262,62.358,21.0
14.553,96.918,405.6,46.324,299.006,386.149,252.7,120.6,71.511,16.9
48.157,116.357,2551.8,296.664,321.035,169.158,24.4,159.448,7.911,201.6
154.562,68.366,24026.1,348.243,145.073,268.967,-203.2,141.988,129.105,11.0
146.721,167.887,21862.8,427.506,83.661,264.255,-343.8,163.742,124.793,13.1
113.748,50.559,13039.7,88.638,352.354,39.531,263.7,139.345,94.76,14.7
133.145,90.176,17907.9,251.137,343.782,315.894,92.6,185.391,16.784,110.5
125.358,116.24,15947.1,0.318,425.522,329.759,425.2,187.123,49.361,37.9
94.409,30.66,8974.4,37.093,379.163,372.294,342.1,175.905,166.119,10.6
115.7,22.603,13431.7,462.745,302.528,493.98,-160.2,180.01,87.359,20.6
66.221,62.216,4509.7,411.968,455.364,42.382,43.4,174.506,158.134,11.0
199.339,148.435,40032.9,391.604,408.929,461.041,17.3,125.169,186.897,6.7
96.169,90.997,9430.5,490.565,476.624,337.374,-13.9,129.895,18.996,68.4
164.987,167.9,27556.5,367.841,406.38,462.028,38.5,185.044,106.381,17.4
137.095,112.999,19021.0,174.196,124.146,304.433,-50.0,178.232,157.406,11.3
82.343,137.538,7055.4,208.34,267.872,244.07,59.5,154.69,21.652,71.4
50.326,92.03,2716.8,366.216,458.777,161.948,92.6,175.634,100.192,17.5
145.813,77.027,21415.5,495.625,296.769,258.101,-198.9,167.903,199.453,8.4
106.621,36.458,11441.0,343.58,341.934,304.626,-1.6,170.987,184.451,9.3
189.438,140.472,36167.7,360.839,162.94,267.603,-197.9,160.915,151.78,10.6
185.068,157.769,34565.7,355.127,379.945,153.021,24.8,175.989,119.716,14.7
35.537,173.896,1610.7,234.959,488.122,402.372,253.2,178.245,69.31,25.7
